manufacturer,productName,releaseYear,memSize,memBusWidth,gpuClock,memClock,unifiedShader,tmu,rop,bus,memType,gpuChip,score
NVIDIA,GeForce RTX 4050,2023,8,128,1925,2250,3840,120,48,PCIe 4.0 x16,GDDR6,AD106,14420
Intel,Arc A370M,2022,4,64,300,1500,1024,64,32,PCIe 4.0 x8,GDDR6,DG2-128,5115
Intel,Arc A380,2022,4,64,300,1500,1024,64,32,PCIe 4.0 x8,GDDR6,DG2-128,6208
Intel,Arc A730M,2022,12,192,300,1500,3072,192,96,PCIe 4.0 x16,GDDR6,DG2-512,10487
Intel,Arc A770,2022,16,256,300,1500,4096,256,128,PCIe 4.0 x16,GDDR6,DG2-512,12992
Intel,Arc A770M,2022,16,256,300,1500,4096,256,128,PCIe 4.0 x16,GDDR6,DG2-512,11577
NVIDIA,GeForce MX550,2022,2,64,1065,1500,1024,32,16,PCIe 4.0 x8,GDDR6,TU117,4540
NVIDIA,GeForce MX570,2022,4,64,1087,1500,2048,64,40,PCIe 4.0 x8,GDDR6,GA107S,5735
NVIDIA,GeForce RTX 3050 4 GB,2022,4,128,1545,1750,2304,72,32,PCIe 4.0 x8,GDDR6,GA107,6746
NVIDIA,GeForce RTX 3050 8 GB,2022,8,128,1552,1750,2560,80,32,PCIe 4.0 x8,GDDR6,GA106,12806
NVIDIA,GeForce RTX 3050 OEM,2022,8,128,1515,1750,2560,80,32,PCIe 4.0 x8,GDDR6,GA106,11970
NVIDIA,GeForce RTX 3070 Ti Mobile,2022,8,256,915,1750,5632,176,80,PCIe 4.0 x16,GDDR6,GA104,17983
NVIDIA,GeForce RTX 3080 12 GB,2022,12,384,1260,1188,8960,280,96,PCIe 4.0 x16,GDDR6X,GA102,26683
NVIDIA,GeForce RTX 3080 Ti 20 GB,2022,20,320,1335,1188,10240,320,112,PCIe 4.0 x16,GDDR6X,GA102,27121
NVIDIA,GeForce RTX 3080 Ti Mobile,2022,16,256,810,2000,7424,232,96,PCIe 4.0 x16,GDDR6,GA103S,19716
NVIDIA,GeForce RTX 3090 Ti,2022,24,384,1560,1313,10752,336,112,PCIe 4.0 x16,GDDR6X,GA102,29685
NVIDIA,GeForce RTX 4060,2022,12,192,1925,2250,5888,184,64,PCIe 4.0 x16,GDDR6,AD104,19909
NVIDIA,GeForce RTX 4070,2022,12,192,1925,2250,7680,240,80,PCIe 4.0 x16,GDDR6,AD104,26983
NVIDIA,GeForce RTX 4080,2022,16,256,1925,2250,9728,304,96,PCIe 4.0 x16,GDDR6X,AD103,34619
NVIDIA,GeForce RTX 4090,2022,24,384,1815,1325,17408,544,192,PCIe 4.0 x16,GDDR6X,AD102,38588
AMD,Radeon Pro W6400,2022,4,64,2331,1750,768,48,32,PCIe 4.0 x4,GDDR6,Navi 24,8081
AMD,Radeon RX 6300M,2022,2,32,2000,2250,768,48,32,PCIe 4.0 x4,GDDR6,Navi 24,6422
AMD,Radeon RX 6400,2022,4,64,1923,2000,768,48,32,PCIe 4.0 x4,GDDR6,Navi 24,7586
AMD,Radeon RX 6500 XT,2022,4,64,2310,2248,1024,64,32,PCIe 4.0 x4,GDDR6,Navi 24,9567
AMD,Radeon RX 6500M,2022,4,64,2000,2250,1024,64,32,PCIe 4.0 x4,GDDR6,Navi 24,7767
AMD,Radeon RX 6600S,2022,4,128,1700,1750,1792,112,64,PCIe 4.0 x8,GDDR6,Navi 23,13678
AMD,Radeon RX 6650 XT,2022,8,128,2055,2190,2048,128,64,PCIe 4.0 x8,GDDR6,Navi 23,17213
AMD,Radeon RX 6650M,2022,8,128,2068,2000,1792,112,64,PCIe 4.0 x8,GDDR6,Navi 23,15074
AMD,Radeon RX 6650M XT,2022,8,128,2068,2000,2048,128,64,PCIe 4.0 x8,GDDR6,Navi 23,17070
AMD,Radeon RX 6700S,2022,8,128,1700,1750,1792,112,64,PCIe 4.0 x8,GDDR6,Navi 23,14962
AMD,Radeon RX 6750 XT,2022,12,192,2150,2250,2560,160,64,PCIe 4.0 x16,GDDR6,Navi 22,20806
AMD,Radeon RX 6800S,2022,8,128,1800,2000,2048,128,64,PCIe 4.0 x8,GDDR6,Navi 23,15407
AMD,Radeon RX 6850M XT,2022,12,192,2321,2000,2560,160,64,PCIe 4.0 x16,GDDR6,Navi 22,17473
AMD,Radeon RX 6950 XT,2022,16,256,1925,2250,5120,320,128,PCIe 4.0 x16,GDDR6,Navi 21,28155
AMD,Radeon RX 7700 XT,2022,8,128,1800,2250,4096,256,128,PCIe 5.0 x16,GDDR6,Navi 33,22353
AMD,Radeon RX 7800 XT,2022,12,192,1800,2250,8192,512,192,PCIe 5.0 x16,GDDR6,Navi 32,24272
AMD,Radeon RX 7900 XT,2022,16,256,1800,2250,12288,768,256,PCIe 5.0 x16,GDDR6,Navi 31,28830
NVIDIA,RTX A5500,2022,24,384,1170,2000,10240,320,96,PCIe 4.0 x16,GDDR6,GA102,22282
NVIDIA,RTX A5500 Mobile,2022,16,256,900,1750,7424,232,96,PCIe 4.0 x16,GDDR6,GA103S,17350
NVIDIA,A10G,2021,12,384,1320,1563,9216,288,96,PCIe 4.0 x16,GDDR6,GA102,18773
NVIDIA,A16 PCIe,2021,16,128,885,1812,1280,40,32,PCIe 4.0 x8,GDDR6,GA107,5235
NVIDIA,CMP 30HX,2021,6,192,1530,1750,1408,88,48,PCIe 3.0 x4,GDDR6,TU116,8135
NVIDIA,CMP 40HX,2021,8,256,1470,1750,2304,144,64,PCIe 3.0 x16,GDDR6,TU106,6778
NVIDIA,GeForce RTX 2050 Mobile,2021,4,64,1185,1750,2048,64,32,PCIe 3.0 x8,GDDR6,GA107,7637
NVIDIA,GeForce RTX 2060 12 GB,2021,12,192,1470,1750,2176,136,48,PCIe 3.0 x16,GDDR6,TU106,15906
NVIDIA,GeForce RTX 3050 Mobile,2021,4,128,712,1500,2048,64,32,PCIe 4.0 x8,GDDR6,GA107,6746
NVIDIA,GeForce RTX 3050 Ti Mobile,2021,4,128,735,1500,2560,80,32,PCIe 4.0 x8,GDDR6,GA107,10141
NVIDIA,GeForce RTX 3060,2021,12,192,1320,1875,3584,112,48,PCIe 4.0 x16,GDDR6,GA106,16993
NVIDIA,GeForce RTX 3060 Max-Q,2021,6,192,817,1500,3840,120,48,PCIe 4.0 x16,GDDR6,GA106,13353
NVIDIA,GeForce RTX 3060 Mobile,2021,6,192,900,1750,3840,120,48,PCIe 4.0 x16,GDDR6,GA106,13354
NVIDIA,GeForce RTX 3070 Max-Q,2021,8,256,780,1500,5120,160,80,PCIe 4.0 x16,GDDR6,GA104,13064
NVIDIA,GeForce RTX 3070 Mobile,2021,8,256,1110,1750,5120,160,80,PCIe 4.0 x16,GDDR6,GA104,15453
NVIDIA,GeForce RTX 3070 Ti,2021,8,256,1575,1188,6144,192,96,PCIe 4.0 x16,GDDR6X,GA104,23575
NVIDIA,GeForce RTX 3080 Mobile,2021,8,256,1110,1750,6144,192,96,PCIe 4.0 x16,GDDR6,GA104,16453
NVIDIA,GeForce RTX 3080 Ti,2021,12,384,1365,1188,10240,320,112,PCIe 4.0 x16,GDDR6X,GA102,27121
NVIDIA,Quadro T1200 Mobile,2021,4,128,855,1250,1024,64,32,PCIe 3.0 x16,GDDR6,TU117,7809
AMD,Radeon Instinct MI250X,2021,128,8192,1000,1600,14080,880,0,PCIe 4.0 x16,HBM2e,Aldebaran,4978
AMD,Radeon Pro W6600,2021,8,128,2331,1750,1792,112,64,PCIe 4.0 x16,GDDR6,Navi 23,15596
AMD,Radeon Pro W6600M,2021,8,128,2200,1750,1792,112,64,PCIe 4.0 x16,GDDR6,Navi 23,9521
AMD,Radeon Pro W6800,2021,32,256,2075,2000,3840,240,96,PCIe 4.0 x16,GDDR6,Navi 21,19791
AMD,Radeon RX 6600,2021,8,128,1626,1750,1792,112,64,PCIe 4.0 x8,GDDR6,Navi 23,15154
AMD,Radeon RX 6600 XT,2021,8,128,1968,2000,2048,128,64,PCIe 4.0 x8,GDDR6,Navi 23,16510
AMD,Radeon RX 6600M,2021,8,128,2068,1750,1792,112,64,PCIe 4.0 x8,GDDR6,Navi 23,13766
AMD,Radeon RX 6700,2021,6,192,2200,2000,2304,144,64,PCIe 4.0 x16,GDDR6,Navi 22,19322
AMD,Radeon RX 6700 XT,2021,12,192,2321,2000,2560,160,64,PCIe 4.0 x16,GDDR6,Navi 22,19874
AMD,Radeon RX 6700M,2021,10,160,1489,2000,2304,144,64,PCIe 4.0 x16,GDDR6,Navi 22,13587
AMD,Radeon RX 6800M,2021,12,192,2116,2000,2560,160,64,PCIe 4.0 x16,GDDR6,Navi 22,13263
NVIDIA,RTX A1000 Embedded,2021,4,128,1192,1500,2048,64,48,PCIe 4.0 x16,GDDR6,GA107S,11368
NVIDIA,RTX A2000,2021,6,192,562,1500,3328,104,48,PCIe 4.0 x16,GDDR6,GA106,13732
NVIDIA,RTX A2000 12 GB,2021,12,192,562,1500,3328,104,48,PCIe 4.0 x16,GDDR6,GA106,13686
NVIDIA,RTX A2000 Mobile,2021,4,128,893,1375,2560,80,48,PCIe 4.0 x16,GDDR6,GA106,9929
NVIDIA,RTX A3000 Mobile,2021,6,192,1260,1375,4096,128,64,PCIe 4.0 x16,GDDR6,GA104,12500
NVIDIA,RTX A3000 Mobile 12 GB,2021,12,192,1020,1375,4096,128,64,PCIe 4.0 x16,GDDR6,GA104,14352
NVIDIA,RTX A4000,2021,16,256,735,1750,6144,192,96,PCIe 4.0 x16,GDDR6,GA104,19425
NVIDIA,RTX A4000 Mobile,2021,8,256,1140,1500,5120,160,80,PCIe 4.0 x16,GDDR6,GA104,15354
NVIDIA,RTX A4500,2021,20,320,1050,2000,7168,224,96,PCIe 4.0 x16,GDDR6,GA102,21654
NVIDIA,RTX A4500 Embedded,2021,16,256,930,2000,5888,184,80,PCIe 4.0 x16,GDDR6,GA104,10916
NVIDIA,RTX A4500 Mobile,2021,12,192,855,1500,5632,176,80,PCIe 4.0 x16,GDDR6,GA104,17451
NVIDIA,RTX A5000,2021,24,384,1170,2000,8192,256,96,PCIe 4.0 x16,GDDR6,GA102,22860
NVIDIA,RTX A5000 Mobile,2021,16,256,900,1750,6144,192,96,PCIe 4.0 x16,GDDR6,GA104,16066
NVIDIA,T1000,2021,4,128,1065,1250,896,56,32,PCIe 3.0 x16,GDDR6,TU117,7637
NVIDIA,T1000 8 GB,2021,8,128,1065,1250,896,56,32,PCIe 3.0 x16,GDDR6,TU117,7572
NVIDIA,T400,2021,2,64,420,1250,384,24,16,PCIe 3.0 x16,GDDR6,TU117,3626
NVIDIA,T400 4 GB,2021,4,64,420,1250,384,24,16,PCIe 3.0 x16,GDDR6,TU117,3760
NVIDIA,T600,2021,4,128,735,1250,640,40,32,PCIe 3.0 x16,GDDR6,TU117,6464
NVIDIA,T600 Mobile,2021,4,128,930,1250,640,40,32,PCIe 3.0 x16,GDDR6,TU117,7066
NVIDIA,GeForce GTX 1650 Max-Q,2020,4,128,930,1250,1024,64,32,PCIe 3.0 x16,GDDR6,TU117,6171
NVIDIA,GeForce GTX 1650 Mobile,2020,4,128,1380,1500,1024,64,32,PCIe 3.0 x16,GDDR6,TU117,6968
NVIDIA,GeForce GTX 1650 Ti Max-Q,2020,4,128,1035,1250,1024,64,32,PCIe 3.0 x16,GDDR6,TU117,6408
NVIDIA,GeForce MX330,2020,2,64,1531,1752,384,24,16,PCIe 3.0 x4,GDDR5,GP108,2434
NVIDIA,GeForce MX350,2020,2,64,1354,1752,640,32,16,PCIe 3.0 x4,GDDR5,GP107,2804
NVIDIA,GeForce MX350,2020,2,64,747,1752,640,32,16,PCIe 3.0 x4,GDDR5,GP107,2804
NVIDIA,GeForce RTX 2060 Max-Q,2020,6,192,975,1375,1920,120,48,PCIe 3.0 x16,GDDR6,TU106,9768
NVIDIA,GeForce RTX 2070 Max-Q Refresh,2020,8,256,900,1375,2304,144,64,PCIe 3.0 x16,GDDR6,TU106B,11665
NVIDIA,GeForce RTX 2070 Mobile Refresh,2020,8,256,1260,1375,2304,144,64,PCIe 3.0 x16,GDDR6,TU106B,12354
NVIDIA,GeForce RTX 2070 SUPER Max-Q,2020,8,256,930,1375,2560,160,64,PCIe 3.0 x16,GDDR6,TU104,13735
NVIDIA,GeForce RTX 2080 SUPER Max-Q,2020,8,256,735,1375,3072,192,64,PCIe 3.0 x16,GDDR6,TU104,13842
NVIDIA,GeForce RTX 3060 Ti,2020,8,256,1410,1750,4864,152,80,PCIe 4.0 x16,GDDR6,GA104,20493
NVIDIA,GeForce RTX 3070,2020,8,256,1500,1750,5888,184,96,PCIe 4.0 x16,GDDR6,GA104,22368
NVIDIA,GeForce RTX 3080,2020,10,320,1440,1188,8704,272,96,PCIe 4.0 x16,GDDR6X,GA102,25225
NVIDIA,GeForce RTX 3090,2020,24,384,1395,1219,10496,328,112,PCIe 4.0 x16,GDDR6X,GA102,26731
Intel,Iris Xe MAX Graphics,2020,4,128,300,2133,768,48,24,PCIe 4.0 x8,LPDDR4X,DG1,1971
AMD,Radeon Pro 5300,2020,4,128,1000,1750,1280,80,32,PCIe 4.0 x8,GDDR6,Navi 14,7143
AMD,Radeon Pro 5500 XT,2020,8,128,1187,1750,1536,96,32,PCIe 4.0 x8,GDDR6,Navi 14,8375
AMD,Radeon Pro 5600M,2020,8,2048,1000,770,2560,160,64,PCIe 4.0 x16,HBM2,Navi 12,9232
AMD,Radeon Pro 5700,2020,8,256,1243,1500,2304,144,64,PCIe 4.0 x16,GDDR6,Navi 10,11844
AMD,Radeon Pro 5700 XT,2020,16,256,1243,1500,2560,160,64,PCIe 4.0 x16,GDDR6,Navi 10,12613
AMD,Radeon Pro V520,2020,8,2048,1000,1000,2304,144,64,PCIe 4.0 x16,HBM2,Navi 12,12257
AMD,Radeon Pro VII,2020,16,4096,1400,1000,3840,240,64,PCIe 4.0 x16,HBM2,Vega 20,12838
AMD,Radeon Pro W5500,2020,8,128,1744,1750,1408,88,32,PCIe 4.0 x8,GDDR6,Navi 14,9118
AMD,Radeon Pro W5500M,2020,4,128,1000,1750,1408,88,32,PCIe 4.0 x8,GDDR6,Navi 14,3469
AMD,Radeon RX 5300,2020,3,96,1327,1750,1408,88,32,PCIe 4.0 x8,GDDR6,Navi 14,7591
AMD,Radeon RX 5600 OEM,2020,6,192,1130,1500,2048,128,64,PCIe 4.0 x16,GDDR6,Navi 10,12137
AMD,Radeon RX 5600 XT,2020,6,192,1130,1500,2304,144,64,PCIe 4.0 x16,GDDR6,Navi 10,13621
AMD,Radeon RX 5600M,2020,6,192,1035,1500,2304,144,64,PCIe 4.0 x16,GDDR6,Navi 10,8795
AMD,Radeon RX 6800,2020,16,256,1700,2000,3840,240,96,PCIe 4.0 x16,GDDR6,Navi 21,22211
AMD,Radeon RX 6800 XT,2020,16,256,1825,2000,4608,288,128,PCIe 4.0 x16,GDDR6,Navi 21,25035
AMD,Radeon RX 6900 XT,2020,16,256,1825,2000,5120,320,128,PCIe 4.0 x16,GDDR6,Navi 21,26796
NVIDIA,RTX A6000,2020,48,384,1410,2000,10752,336,112,PCIe 4.0 x16,GDDR6,GA102,22600
NVIDIA,T500 Mobile,2020,2,64,1365,1250,896,56,32,PCIe 3.0 x16,GDDR6,TU117,3671
NVIDIA,GeForce GTX 1050 Mobile 3 GB,2019,3,96,1366,1752,768,48,24,PCIe 3.0 x16,GDDR5,GP107,5105
NVIDIA,GeForce GTX 1650,2019,4,128,1485,2001,896,56,32,PCIe 3.0 x16,GDDR5,TU117,7873
NVIDIA,GeForce GTX 1650 Max-Q,2019,4,128,1020,1751,1024,64,32,PCIe 3.0 x16,GDDR5,TU117,6171
NVIDIA,GeForce GTX 1650 Mobile,2019,4,128,1395,2001,1024,64,32,PCIe 3.0 x16,GDDR5,TU117,6968
NVIDIA,GeForce GTX 1650 SUPER,2019,4,128,1530,1500,1280,80,32,PCIe 3.0 x16,GDDR6,TU116,10161
NVIDIA,GeForce GTX 1660,2019,6,192,1530,2001,1408,88,48,PCIe 3.0 x16,GDDR5,TU116,11678
NVIDIA,GeForce GTX 1660 SUPER,2019,6,192,1530,1750,1408,88,48,PCIe 3.0 x16,GDDR6,TU116,12751
NVIDIA,GeForce GTX 1660 Ti,2019,6,192,1500,1500,1536,96,48,PCIe 3.0 x16,GDDR6,TU116,12915
NVIDIA,GeForce GTX 1660 Ti Max-Q,2019,6,192,1140,1500,1536,96,48,PCIe 3.0 x16,GDDR6,TU116,8603
NVIDIA,GeForce GTX 1660 Ti Mobile,2019,6,192,1455,1500,1536,96,48,PCIe 3.0 x16,GDDR6,TU116,10184
NVIDIA,GeForce MX230,2019,2,64,1519,1502,256,16,16,PCIe 3.0 x4,GDDR5,GP108,1834
NVIDIA,GeForce MX250,2019,2,64,1519,1502,384,24,16,PCIe 3.0 x4,GDDR5,GP108,2411
NVIDIA,GeForce MX250,2019,2,64,937,1502,384,24,16,PCIe 3.0 x4,GDDR5,GP108B,2411
NVIDIA,GeForce RTX 2060,2019,6,192,1365,1750,1920,120,48,PCIe 3.0 x16,GDDR6,TU106,14148
NVIDIA,GeForce RTX 2060 Max-Q Refresh,2019,6,192,960,1353,1920,120,48,PCIe 3.0 x16,GDDR6,TU106B,9768
NVIDIA,GeForce RTX 2060 Mobile,2019,6,192,960,1750,1920,120,48,PCIe 3.0 x16,GDDR6,TU106,11354
NVIDIA,GeForce RTX 2060 SUPER,2019,8,256,1470,1750,2176,136,64,PCIe 3.0 x16,GDDR6,TU106,16528
NVIDIA,GeForce RTX 2070 Max-Q,2019,8,256,885,1500,2304,144,64,PCIe 3.0 x16,GDDR6,TU106,11665
NVIDIA,GeForce RTX 2070 Mobile,2019,8,256,1215,1750,2304,144,64,PCIe 3.0 x16,GDDR6,TU106,12354
NVIDIA,GeForce RTX 2070 SUPER,2019,8,256,1605,1750,2560,160,64,PCIe 3.0 x16,GDDR6,TU104,18231
NVIDIA,GeForce RTX 2080 Max-Q,2019,8,256,735,1500,2944,184,64,PCIe 3.0 x16,GDDR6,TU104,13084
NVIDIA,GeForce RTX 2080 Mobile,2019,8,256,1380,1750,2944,184,64,PCIe 3.0 x16,GDDR6,TU104,15107
NVIDIA,GeForce RTX 2080 SUPER,2019,8,256,1650,1937,3072,192,64,PCIe 3.0 x16,GDDR6,TU104,19569
NVIDIA,Quadro P2200,2019,5,160,1000,1251,1280,80,40,PCIe 3.0 x16,GDDR5X,GP106,9327
NVIDIA,Quadro RTX 3000 Max-Q,2019,6,192,600,1500,1920,120,64,PCIe 3.0 x16,GDDR6,TU106,8255
NVIDIA,Quadro RTX 3000 Mobile,2019,6,192,945,1750,1920,120,64,PCIe 3.0 x16,GDDR6,TU106,12500
NVIDIA,Quadro RTX 3000 Mobile Refresh,2019,6,192,945,1750,1920,120,64,PCIe 3.0 x16,GDDR6,TU106,16345
NVIDIA,Quadro RTX 4000 Max-Q,2019,8,256,780,1625,2560,160,64,PCIe 3.0 x16,GDDR6,TU104,12388
NVIDIA,Quadro RTX 4000 Mobile,2019,8,256,1110,1750,2560,160,64,PCIe 3.0 x16,GDDR6,TU104,12291
NVIDIA,Quadro RTX 5000 Max-Q,2019,16,256,600,1500,3072,192,64,PCIe 3.0 x16,GDDR6,TU104,13478
NVIDIA,Quadro RTX 5000 Mobile,2019,16,256,1365,1750,3072,192,64,PCIe 3.0 x16,GDDR6,TU104,14832
NVIDIA,Quadro T1000 Max-Q,2019,4,128,765,1250,896,56,32,PCIe 3.0 x16,GDDR5,TU117,6691
NVIDIA,Quadro T2000 Max-Q,2019,4,128,1200,1751,1024,64,32,PCIe 3.0 x16,GDDR5,TU117,6901
NVIDIA,Quadro T2000 Mobile,2019,4,128,1575,2001,1024,64,32,PCIe 3.0 x16,GDDR5,TU117,7180
AMD,Radeon 540 Mobile,2019,2,64,1100,1500,512,32,16,PCIe 3.0 x8,GDDR5,Lexa,1383
AMD,Radeon 540X Mobile,2019,2,64,980,1000,512,32,16,PCIe 3.0 x8,GDDR5,Lexa,1437
AMD,Radeon 550X,2019,2,128,1082,1750,512,32,16,PCIe 3.0 x8,GDDR5,Lexa,1432
AMD,Radeon 610 Mobile,2019,2,64,1030,1000,320,20,8,PCIe 3.0 x8,GDDR5,Banks,1099
AMD,Radeon 620 Mobile,2019,2,64,730,900,384,24,8,PCIe 3.0 x8,DDR3,Polaris 24,894
AMD,Radeon 625 Mobile,2019,2,64,730,900,384,24,8,PCIe 3.0 x8,DDR3,Polaris 24,1094
AMD,Radeon 630 Mobile,2019,2,128,1082,1500,512,32,16,PCIe 3.0 x8,GDDR5,Polaris 23,1434
AMD,Radeon Pro 5300M,2019,4,128,1000,1500,1280,80,32,PCIe 4.0 x8,GDDR6,Navi 14,5959
AMD,Radeon Pro 5500M,2019,8,128,1000,1500,1536,96,32,PCIe 4.0 x8,GDDR6,Navi 14,6774
AMD,Radeon Pro 580X,2019,8,256,1100,1710,2304,144,32,PCIe 3.0 x16,GDDR5,Ellesmere,7540
AMD,Radeon Pro Vega 48,2019,8,2048,1200,786,3072,192,64,PCIe 3.0 x16,HBM2,Vega 10,11299
AMD,Radeon Pro Vega 64X,2019,16,2048,1250,1000,4096,256,64,PCIe 3.0 x16,HBM2,Vega 10,13708
AMD,Radeon Pro Vega II,2019,32,4096,1574,806,4096,256,64,PCIe 3.0 x16,HBM2,Vega 20,15596
AMD,Radeon Pro Vega II Duo,2019,32,4096,1400,1000,4096,256,64,PCIe 3.0 x16,HBM2,Vega 20,14018
AMD,Radeon Pro W5300M,2019,4,128,1000,1500,1280,80,32,PCIe 4.0 x8,GDDR6,Navi 14,5959
AMD,Radeon Pro W5700,2019,8,256,1400,1750,2304,144,64,PCIe 4.0 x16,GDDR6,Navi 10,15038
AMD,Radeon Pro WX 3200,2019,4,128,1295,1500,640,32,16,PCIe 3.0 x8,GDDR5,Polaris 23,2414
AMD,Radeon RX 5300M,2019,3,96,1000,1750,1408,88,32,PCIe 4.0 x8,GDDR6,Navi 14,4307
AMD,Radeon RX 5500 XT,2019,4,128,1607,1750,1408,88,32,PCIe 4.0 x8,GDDR6,Navi 14,9137
AMD,Radeon RX 5500M,2019,4,128,1375,1750,1408,88,32,PCIe 4.0 x8,GDDR6,Navi 14,5563
AMD,Radeon RX 5700,2019,8,256,1465,1750,2304,144,64,PCIe 4.0 x16,GDDR6,Navi 10,14446
AMD,Radeon RX 5700 XT,2019,8,256,1605,1750,2560,160,64,PCIe 4.0 x16,GDDR6,Navi 10,16567
AMD,Radeon RX 5700 XT 50th Anniversary,2019,8,256,1680,1750,2560,160,64,PCIe 4.0 x16,GDDR6,Navi 10,16575
AMD,Radeon VII,2019,16,4096,1400,1000,3840,240,64,PCIe 3.0 x16,HBM2,Vega 20,16659
NVIDIA,GeForce GT 1030 DDR4,2018,2,64,1152,1050,384,24,16,PCIe 3.0 x4,DDR4,GP108,2458
NVIDIA,GeForce GTX 1050 3 GB,2018,3,96,1392,1752,768,48,24,PCIe 3.0 x16,GDDR5,GP107,5105
NVIDIA,GeForce GTX 1050 Max-Q,2018,4,128,1000,1752,640,40,16,PCIe 3.0 x16,GDDR5,GP107,4073
NVIDIA,GeForce GTX 1050 Ti Max-Q,2018,4,128,1152,1752,768,48,32,PCIe 3.0 x16,GDDR5,GP107,5355
NVIDIA,GeForce GTX 1060 6 GB GDDR5X,2018,6,192,1506,1001,1280,80,48,PCIe 3.0 x16,GDDR5X,GP104,10075
NVIDIA,GeForce GTX 1070 GDDR5X,2018,8,256,1506,1001,1920,120,64,PCIe 3.0 x16,GDDR5X,GP104,13496
NVIDIA,GeForce RTX 2070,2018,8,256,1410,1750,2304,144,64,PCIe 3.0 x16,GDDR6,TU106,16149
NVIDIA,GeForce RTX 2080,2018,8,256,1515,1750,2944,184,64,PCIe 3.0 x16,GDDR6,TU104,18794
NVIDIA,GeForce RTX 2080 Ti,2018,11,352,1350,1750,4352,272,88,PCIe 3.0 x16,GDDR6,TU102,21738
NVIDIA,Quadro GV100,2018,32,4096,1132,848,5120,320,128,PCIe 3.0 x16,HBM2,GV100,19824
NVIDIA,Quadro P3200 Max-Q,2018,6,192,1139,1753,1792,112,64,MXM-B (3.0),GDDR5,GP104,9409
NVIDIA,Quadro P3200 Mobile,2018,6,192,1328,1753,1792,112,64,MXM-B (3.0),GDDR5,GP104,8775
NVIDIA,Quadro P4200 Mobile,2018,8,256,1227,1502,2304,144,64,MXM-B (3.0),GDDR5,GP104,10439
NVIDIA,Quadro P500 Mobile,2018,2,64,1455,1253,256,16,16,PCIe 3.0 x16,GDDR5,GP108,1630
NVIDIA,Quadro P5200 Max-Q,2018,16,256,1316,1804,2560,160,64,MXM-B (3.0),GDDR5,GP104,12530
NVIDIA,Quadro P5200 Mobile,2018,16,256,1557,1804,2560,160,64,MXM-B (3.0),GDDR5,GP104,12238
NVIDIA,Quadro P620,2018,2,128,1266,1252,512,32,16,PCIe 3.0 x16,GDDR5,GP107,3636
NVIDIA,Quadro P620 Mobile,2018,4,128,1177,1502,512,32,16,PCIe 3.0 x16,GDDR5,GP107,3636
NVIDIA,Quadro RTX 4000,2018,8,256,1005,1625,2304,144,64,PCIe 3.0 x16,GDDR6,TU104,15351
NVIDIA,Quadro RTX 5000,2018,16,256,1620,1750,3072,192,64,PCIe 3.0 x16,GDDR6,TU104,15940
NVIDIA,Quadro RTX 6000,2018,24,384,1440,1750,4608,288,96,PCIe 3.0 x16,GDDR6,TU102,18733
NVIDIA,Quadro RTX 8000,2018,48,384,1395,1750,4608,288,96,PCIe 3.0 x16,GDDR6,TU102,19278
AMD,Radeon 540X Mobile,2018,2,64,980,1500,512,32,16,PCIe 3.0 x8,GDDR5,Lexa,1437
AMD,Radeon 550X Mobile,2018,4,64,1100,1500,640,40,16,PCIe 3.0 x8,GDDR5,Polaris 23,1432
AMD,Radeon Pro 560X,2018,4,128,1004,1470,1024,64,16,PCIe 3.0 x8,GDDR5,Polaris 21,3677
AMD,Radeon Pro V340,2018,16,2048,852,945,3584,224,64,PCIe 3.0 x16,HBM2,Vega 10,2853
AMD,Radeon Pro Vega 16,2018,4,1024,815,1200,1024,64,32,PCIe 3.0 x16,HBM2,Vega 12,4809
AMD,Radeon Pro Vega 20,2018,4,1024,815,740,1280,80,32,PCIe 3.0 x16,HBM2,Vega 12,5299
AMD,Radeon Pro WX 8200,2018,8,2048,1200,1000,3584,224,64,PCIe 3.0 x16,HBM2,Vega 10,13526
AMD,Radeon Pro WX Vega M GL,2018,4,1024,931,700,1280,80,32,IGP,HBM2,Polaris 22,4643
AMD,Radeon RX 560X,2018,4,128,1175,1750,1024,64,16,PCIe 3.0 x8,GDDR5,Polaris 21,3196
AMD,Radeon RX 570X,2018,8,256,1168,1750,2048,128,32,PCIe 3.0 x16,GDDR5,Polaris 20,1923
AMD,Radeon RX 580 2048SP,2018,4,256,1168,1750,2048,128,32,PCIe 3.0 x16,GDDR5,Polaris 20,7697
AMD,Radeon RX 580X,2018,8,256,1257,2000,2304,144,32,PCIe 3.0 x16,GDDR5,Polaris 20,7798
AMD,Radeon RX 590,2018,8,256,1469,2000,2304,144,32,PCIe 3.0 x16,GDDR5,Polaris 30,9390
AMD,Radeon RX Vega 56 Mobile,2018,8,2048,1138,800,3584,224,64,PCIe 3.0 x16,HBM2,Vega 10,13227
AMD,Radeon RX Vega M GH,2018,4,1024,1063,800,1536,96,64,IGP,HBM2,Polaris 22,6584
AMD,Radeon RX Vega M GL,2018,4,1024,931,700,1280,80,32,IGP,HBM2,Polaris 22,3790
NVIDIA,Tesla T4,2018,16,256,585,1250,2560,160,64,PCIe 3.0 x16,GDDR6,TU104,10744
NVIDIA,TITAN RTX,2018,24,384,1350,1750,4608,288,96,PCIe 3.0 x16,GDDR6,TU102,19945
NVIDIA,TITAN V CEO Edition,2018,32,4096,1200,848,5120,320,128,PCIe 3.0 x16,HBM2,GV100,16987
NVIDIA,GeForce GT 1030,2017,2,64,1228,1502,384,24,16,PCIe 3.0 x4,GDDR5,GP108,2458
NVIDIA,GeForce GT 720 OEM,2017,1.024,128,993,891,192,16,16,PCIe 3.0 x16,DDR3,GK107,613
NVIDIA,GeForce GTX 1050 Mobile,2017,2,128,1354,1752,640,40,16,PCIe 3.0 x16,GDDR5,GP107,4461
NVIDIA,GeForce GTX 1050 Ti Mobile,2017,4,128,1493,1752,768,48,32,PCIe 3.0 x16,GDDR5,GP107,5918
NVIDIA,GeForce GTX 1060 5 GB,2017,5,160,1506,2002,1280,80,40,PCIe 3.0 x16,GDDR5,GP106,9094
NVIDIA,GeForce GTX 1060 Max-Q,2017,6,192,1063,2002,1280,80,48,PCIe 3.0 x16,GDDR5,GP106,7911
NVIDIA,GeForce GTX 1070 Max-Q,2017,8,256,1215,2002,2048,128,64,PCIe 3.0 x16,GDDR5,GP104,9937
NVIDIA,GeForce GTX 1070 Ti,2017,8,256,1607,2002,2432,152,64,PCIe 3.0 x16,GDDR5,GP104,14689
NVIDIA,GeForce GTX 1080 Max-Q,2017,8,256,1290,1251,2560,160,64,PCIe 3.0 x16,GDDR5X,GP104,11485
NVIDIA,GeForce GTX 1080 Ti,2017,11,352,1481,1376,3584,224,88,PCIe 3.0 x16,GDDR5X,GP102,18566
NVIDIA,GeForce MX110,2017,2,64,978,1253,384,24,8,PCIe 3.0 x4,GDDR5,GM108,1435
NVIDIA,GeForce MX130,2017,2,64,1109,1253,384,24,8,PCIe 3.0 x4,GDDR5,GM108,1835
NVIDIA,GeForce MX150,2017,2,64,1469,1502,384,24,16,PCIe 3.0 x4,GDDR5,GP108,2270
NVIDIA,GeForce MX150,2017,2,64,937,1253,384,24,16,PCIe 3.0 x4,GDDR5,GP108,2270
NVIDIA,P104-100,2017,4,256,1607,1251,1920,120,64,PCIe 3.0 x16,GDDR5X,GP104,3694
NVIDIA,P106-090,2017,3,192,1354,2002,768,48,48,PCIe 3.0 x16,GDDR5,GP106,2342
NVIDIA,P106-100,2017,6,192,1506,2002,1280,80,48,PCIe 3.0 x16,GDDR5,GP106,6408
NVIDIA,Quadro M1200 Mobile,2017,4,128,991,1253,640,40,16,MXM-A (3.0),GDDR5,GM107,3236
NVIDIA,Quadro M2200 Mobile,2017,4,128,695,1377,1024,64,32,MXM-A (3.0),GDDR5,GM206,4262
NVIDIA,Quadro M520 Mobile,2017,2,64,1041,1253,384,16,8,MXM-A (3.0),GDDR5,GM108,1872
NVIDIA,Quadro M620 Mobile,2017,2,128,756,1253,512,32,16,MXM-A (3.0),GDDR5,GM107,2794
NVIDIA,Quadro P1000,2017,4,128,1266,1253,640,40,32,PCIe 3.0 x16,GDDR5,GP107,4459
NVIDIA,Quadro P2000,2017,5,160,1076,1752,1024,64,40,PCIe 3.0 x16,GDDR5,GP106,6926
NVIDIA,Quadro P400,2017,2,64,1228,1002,256,16,16,PCIe 3.0 x16,GDDR5,GP107,1643
NVIDIA,Quadro P4000,2017,8,256,1202,1901,1792,112,64,PCIe 3.0 x16,GDDR5,GP104,11625
NVIDIA,Quadro P4000 Max-Q,2017,8,256,1114,1502,1792,112,64,MXM-B (3.0),GDDR5,GP104,9082
NVIDIA,Quadro P600,2017,2,128,1329,1002,384,24,16,PCIe 3.0 x16,GDDR5,GP107,3304
AMD,Radeon 520 Mobile,2017,2,64,1030,1000,320,20,8,PCIe 3.0 x8,DDR3,Banks,861
AMD,Radeon 530 Mobile,2017,2,64,730,900,384,24,8,PCIe 3.0 x8,DDR3,Weston,1021
AMD,Radeon 535 Mobile,2017,2,64,730,1125,384,24,8,PCIe 3.0 x8,GDDR5,Polaris 24,1077
AMD,Radeon 550,2017,2,64,1100,1750,512,32,16,PCIe 3.0 x8,GDDR5,Lexa,2027
AMD,Radeon E9173 PCIe,2017,2,64,1124,1500,512,32,16,PCIe 3.0 x8,GDDR5,Lexa,1787
AMD,Radeon Instinct MI25,2017,16,2048,1400,852,4096,256,64,PCIe 3.0 x16,HBM2,Vega 10,4978
AMD,Radeon Pro 555,2017,2,128,850,1275,768,48,16,PCIe 3.0 x8,GDDR5,Polaris 21,3140
AMD,Radeon Pro 560,2017,4,128,907,1270,1024,64,16,PCIe 3.0 x8,GDDR5,Polaris 21,3475
AMD,Radeon Pro 570,2017,4,256,1000,1695,1792,112,32,PCIe 3.0 x16,GDDR5,Polaris 20,6336
AMD,Radeon Pro 580,2017,8,256,1100,1695,2304,144,32,PCIe 3.0 x16,GDDR5,Ellesmere,7753
AMD,Radeon Pro SSG,2017,16,2048,1440,945,4096,256,64,PCIe 3.0 x16,HBM2,Vega 10,10971
AMD,Radeon Pro Vega 56,2017,8,2048,1138,786,3584,224,64,PCIe 3.0 x16,HBM2,Vega 10,12353
AMD,Radeon Pro Vega 64,2017,16,2048,1250,786,4096,256,64,PCIe 3.0 x16,HBM2,Vega 10,12920
AMD,Radeon Pro WX 2100,2017,2,64,925,1500,512,32,16,PCIe 3.0 x8,GDDR5,Lexa,1841
AMD,Radeon Pro WX 3100,2017,4,128,925,1500,512,32,16,PCIe 3.0 x8,GDDR5,Lexa,2543
AMD,Radeon Pro WX 4130 Mobile,2017,4,128,1002,1500,640,40,16,PCIe 3.0 x8,GDDR5,Baffin,2168
AMD,Radeon Pro WX 4150 Mobile,2017,4,128,1002,1500,896,56,16,PCIe 3.0 x8,GDDR5,Baffin,2615
AMD,Radeon Pro WX 4170 Mobile,2017,4,128,1002,1500,1024,64,16,PCIe 3.0 x8,GDDR5,Baffin,1409
AMD,Radeon Pro WX 7100 Mobile,2017,8,256,1188,1250,2304,144,32,PCIe 3.0 x16,GDDR5,Ellesmere,7869
AMD,Radeon Pro WX 7130 Mobile,2017,8,256,1188,1250,2304,144,32,PCIe 3.0 x16,GDDR5,Ellesmere,6715
AMD,Radeon Pro WX 9100,2017,16,2048,1200,945,4096,256,64,PCIe 3.0 x16,HBM2,Vega 10,12470
AMD,Radeon RX 550,2017,2,128,1100,1750,512,32,16,PCIe 3.0 x8,GDDR5,Lexa,2736
AMD,Radeon RX 560,2017,4,128,1175,1750,1024,64,16,PCIe 3.0 x8,GDDR5,Polaris 21,3646
AMD,Radeon RX 580,2017,8,256,1257,2000,2304,144,32,PCIe 3.0 x16,GDDR5,Polaris 20,8855
AMD,Radeon RX Vega 56,2017,8,2048,1156,800,3584,224,64,PCIe 3.0 x16,HBM2,Vega 10,13227
AMD,Radeon RX Vega 64,2017,8,2048,1247,945,4096,256,64,PCIe 3.0 x16,HBM2,Vega 10,14299
AMD,Radeon Vega Frontier Edition,2017,16,2048,1382,945,4096,256,64,PCIe 3.0 x16,HBM2,Vega 10,13225
NVIDIA,Tesla V100 PCIe 16 GB,2017,16,4096,1245,876,5120,320,128,PCIe 3.0 x16,HBM2,GV100,12328
NVIDIA,TITAN V,2017,12,3072,1200,848,5120,320,96,PCIe 3.0 x16,HBM2,GV100,19742
NVIDIA,TITAN Xp,2017,12,384,1405,1426,3840,240,96,PCIe 3.0 x16,GDDR5X,GP102,18711
AMD,FirePro S7150,2016,8,256,920,1250,2048,128,32,PCIe 3.0 x16,GDDR5,Tonga,3207
NVIDIA,GeForce 920MX,2016,2,64,965,900,256,24,8,PCIe 3.0 x8,DDR3,GM108,1081
NVIDIA,GeForce 930MX,2016,2,64,952,900,384,24,8,PCIe 3.0 x8,DDR3,GM108,1287
NVIDIA,GeForce 940MX,2016,2,64,1004,1001,384,24,8,PCIe 3.0 x8,DDR3,GM108,1518
NVIDIA,GeForce 940MX,2016,2,64,795,1253,512,32,8,PCIe 3.0 x8,GDDR5,GM107,1518
NVIDIA,GeForce 940MX,2016,1.024,64,954,1253,384,24,8,PCIe 3.0 x8,GDDR5,GM108,1518
NVIDIA,GeForce 945M,2016,1.024,64,1006,1001,384,24,8,PCIe 3.0 x8,DDR3,GM108,2108
NVIDIA,GeForce GT 710,2016,1.024,64,810,898,48,8,4,PCIe 2.0 x16,DDR3,GF119,628
NVIDIA,GeForce GTX 1050,2016,2,128,1354,1752,640,40,32,PCIe 3.0 x16,GDDR5,GP107,5036
NVIDIA,GeForce GTX 1050 Ti,2016,4,128,1291,1752,768,48,32,PCIe 3.0 x16,GDDR5,GP107,6313
NVIDIA,GeForce GTX 1060 3 GB,2016,3,192,1506,2002,1152,72,48,PCIe 3.0 x16,GDDR5,GP106,9761
NVIDIA,GeForce GTX 1060 Mobile,2016,6,192,1404,2002,1280,80,48,PCIe 3.0 x16,GDDR5,GP106,8160
NVIDIA,GeForce GTX 1070,2016,8,256,1506,2002,1920,120,64,PCIe 3.0 x16,GDDR5,GP104,13496
NVIDIA,GeForce GTX 1070 Mobile,2016,8,256,1442,2002,2048,128,64,PCIe 3.0 x16,GDDR5,GP104,10465
NVIDIA,GeForce GTX 1080,2016,8,256,1607,1251,2560,160,64,PCIe 3.0 x16,GDDR5X,GP104,15533
NVIDIA,GeForce GTX 1080 Mobile,2016,8,256,1556,1251,2560,160,64,PCIe 3.0 x16,GDDR5X,GP104,10465
NVIDIA,GeForce GTX 965M,2016,2,128,935,1253,1024,64,32,MXM-B (3.0),GDDR5,GM206,3794
NVIDIA,GRID M10-8Q,2016,8,128,1033,1300,640,40,16,PCIe 3.0 x16,GDDR5,GM107,1755
NVIDIA,Quadro GP100,2016,16,4096,1304,715,3584,224,96,PCIe 3.0 x16,HBM2,GP100,16374
NVIDIA,Quadro M2000,2016,4,128,796,1653,768,48,32,PCIe 3.0 x16,GDDR5,GM206,3992
NVIDIA,Quadro M3000 SE,2016,4,256,823,1253,1024,64,32,PCIe 3.0 x16,GDDR5,GM204,5596
NVIDIA,Quadro M500M,2016,2,64,1029,900,384,16,8,MXM-A (3.0),DDR3,GM108,1163
NVIDIA,Quadro M5500 Mobile,2016,8,256,1140,1753,2048,128,64,MXM-B (3.0),GDDR5,GM204,7915
NVIDIA,Quadro M6000 24 GB,2016,24,384,988,1653,3072,256,96,PCIe 3.0 x16,GDDR5,GM200,11882
NVIDIA,Quadro P5000,2016,16,256,1607,1127,2560,160,64,PCIe 3.0 x16,GDDR5X,GP104,12540
NVIDIA,Quadro P6000,2016,24,384,1506,1127,3840,240,96,PCIe 3.0 x16,GDDR5X,GP102,15307
AMD,Radeon Pro 450,2016,2,128,800,1270,640,40,16,PCIe 3.0 x8,GDDR5,Baffin,2722
AMD,Radeon Pro 455,2016,2,128,855,1270,768,48,16,PCIe 3.0 x8,GDDR5,Baffin,3112
AMD,Radeon Pro 460,2016,4,128,850,1270,1024,64,16,PCIe 3.0 x8,GDDR5,Baffin,3452
AMD,Radeon Pro Duo,2016,4,4096,1000,500,4096,256,64,PCIe 3.0 x16,HBM,Capsaicin,8164
AMD,Radeon Pro WX 4100,2016,4,128,1125,1500,1024,64,16,PCIe 3.0 x8,GDDR5,Baffin,3647
AMD,Radeon Pro WX 5100,2016,8,256,713,1250,1792,112,32,PCIe 3.0 x16,GDDR5,Ellesmere,5556
AMD,Radeon Pro WX 7100,2016,8,256,1188,1750,2304,144,32,PCIe 3.0 x16,GDDR5,Ellesmere,7869
AMD,Radeon R5 M420,2016,4,64,780,1000,320,20,8,PCIe 3.0 x8,DDR3,Jet,486
AMD,Radeon R5 M430,2016,4,64,780,1000,320,20,8,PCIe 3.0 x8,DDR3,Jet,648
AMD,Radeon R5 M435,2016,2,64,780,1125,320,20,8,PCIe 3.0 x8,GDDR5,Jet,804
AMD,Radeon R7 M440,2016,4,64,891,900,320,20,8,PCIe 3.0 x8,DDR3,Meso,896
AMD,Radeon R7 M445,2016,4,64,780,1000,320,20,8,PCIe 3.0 x8,GDDR5,Meso,943
AMD,Radeon R7 M460,2016,2,64,1100,900,384,24,8,PCIe 3.0 x8,DDR3,Meso,1073
AMD,Radeon R7 M465,2016,2,64,1100,900,384,24,8,PCIe 3.0 x8,DDR3,Topaz,1143
AMD,Radeon R7 M465,2016,2,128,825,1000,384,24,8,PCIe 3.0 x8,GDDR5,Litho,1143
AMD,Radeon R7 M465X,2016,2,128,900,1125,512,32,16,PCIe 3.0 x16,GDDR5,Tropo,1780
AMD,Radeon R9 M470,2016,4,128,900,1500,768,48,16,PCIe 3.0 x16,GDDR5,Emerald,2330
AMD,Radeon R9 M470X,2016,4,128,1000,1500,896,56,16,PCIe 3.0 x16,GDDR5,Emerald,3244
AMD,Radeon R9 M485X,2016,8,256,723,1250,2048,128,32,MXM-B (3.0),GDDR5,Amethyst,3660
AMD,Radeon RX 460,2016,2,128,1090,1750,896,56,16,PCIe 3.0 x8,GDDR5,Baffin,4101
AMD,Radeon RX 480,2016,8,256,1120,2000,2304,144,32,PCIe 3.0 x16,GDDR5,Ellesmere,8622
NVIDIA,Tesla M10,2016,8,128,1033,1300,640,40,16,PCIe 3.0 x16,GDDR5,GM107,3171
NVIDIA,Tesla P100 PCIe 16 GB,2016,16,4096,1190,715,3584,224,96,PCIe 3.0 x16,HBM2,GP100,7225
NVIDIA,Tesla P4,2016,8,256,886,1502,2560,160,64,PCIe 3.0 x16,GDDR5,GP104,8925
NVIDIA,Tesla P40,2016,24,384,1303,1808,3840,240,96,PCIe 3.0 x16,GDDR5X,GP102,12190
AMD,FirePro W4170M,2015,2,128,825,1000,384,24,8,PCIe 3.0 x8,GDDR5,Opal,1036
AMD,FirePro W4190M,2015,2,128,825,1000,384,24,8,PCIe 3.0 x8,GDDR5,Opal,1150
AMD,FirePro W4300,2015,4,128,930,1500,768,48,16,PCIe 3.0 x16,GDDR5,Bonaire,2820
AMD,FirePro W5130M,2015,2,128,900,1000,512,32,16,PCIe 3.0 x16,GDDR5,Tropo,1409
AMD,FirePro W6150M,2015,4,128,1075,1375,768,48,16,MXM-B (3.0),GDDR5,Saturn,2358
AMD,FirePro W7170M,2015,4,256,723,1250,2048,128,32,PCIe 3.0 x16,GDDR5,Amethyst,3161
NVIDIA,GeForce 710A,2015,2,128,810,901,384,32,16,PCIe 3.0 x16,DDR3,GK107,473
NVIDIA,GeForce 810M,2015,2,64,835,900,384,32,16,PCIe 3.0 x16,DDR3,GK107,411
NVIDIA,GeForce 820M,2015,2,128,810,901,384,32,16,PCIe 3.0 x16,DDR3,GK107,494
NVIDIA,GeForce 845M,2015,2,64,863,1001,512,32,16,PCIe 3.0 x16,DDR3,GM107,1524
NVIDIA,GeForce 845M,2015,2,64,1071,1253,384,32,16,PCIe 3.0 x8,GDDR5,GM108,1524
NVIDIA,GeForce 910M,2015,2,64,641,1001,384,32,8,PCIe 3.0 x8,DDR3,GK208B,601
NVIDIA,GeForce 920A,2015,2,64,954,1001,384,32,8,PCIe 3.0 x8,DDR3,GK208B,836
NVIDIA,GeForce 920M,2015,2,64,954,900,384,32,8,PCIe 3.0 x8,DDR3,GK208B,720
NVIDIA,GeForce 930A,2015,2,64,928,1001,384,24,8,PCIe 3.0 x8,DDR3,GM108,1267
NVIDIA,GeForce 930M,2015,2,64,928,900,384,24,8,PCIe 3.0 x8,DDR3,GM108,1011
NVIDIA,GeForce 940A,2015,2,64,1072,1001,384,16,8,PCIe 3.0 x8,DDR3,GM108,1106
NVIDIA,GeForce 940A,2015,1.024,64,1029,1001,384,16,8,PCIe 3.0 x8,DDR3,GM108,1106
NVIDIA,GeForce 940M,2015,2,64,1020,900,512,32,16,MXM-B (3.0),DDR3,GM107,1125
NVIDIA,GeForce 940M,2015,2,64,1072,900,384,24,8,PCIe 3.0 x8,DDR3,GM108,1125
NVIDIA,GeForce 945A,2015,1.024,64,1006,1253,384,24,8,PCIe 3.0 x8,GDDR5,GM108,1852
NVIDIA,GeForce 945M,2015,2,128,928,900,640,40,16,MXM-B (3.0),DDR3,GM107,2108
NVIDIA,GeForce GTX 950,2015,2,128,1024,1653,768,48,32,PCIe 3.0 x16,GDDR5,GM206,5335
NVIDIA,GeForce GTX 950A,2015,2,128,993,1001,640,40,16,MXM-B (3.0),DDR3,GM107,2554
NVIDIA,GeForce GTX 950M,2015,4,128,993,900,640,40,16,PCIe 3.0 x8,DDR3,GM107,2585
NVIDIA,GeForce GTX 960,2015,2,128,1127,1753,1024,64,32,PCIe 3.0 x16,GDDR5,GM206,6078
NVIDIA,GeForce GTX 960A,2015,2,128,1029,1253,640,40,16,MXM-B (3.0),GDDR5,GM107,3355
NVIDIA,GeForce GTX 960M,2015,4,128,1097,1253,640,40,16,MXM-B (3.0),GDDR5,GM107,3374
NVIDIA,GeForce GTX 965M,2015,4,128,935,1253,1024,64,32,MXM-B (3.0),GDDR5,GM204,3794
NVIDIA,GeForce GTX 965M,2015,2,128,924,1253,1024,64,32,MXM-B (3.0),GDDR5,GM204,3794
NVIDIA,GeForce GTX 965M,2015,2,128,540,1253,1024,64,32,MXM-B (3.0),GDDR5,GM204,3794
NVIDIA,GeForce GTX 980 Ti,2015,6,384,1000,1753,2816,176,96,PCIe 3.0 x16,GDDR5,GM200,13808
NVIDIA,GeForce GTX TITAN X,2015,12,384,1000,1753,3072,192,96,PCIe 3.0 x16,GDDR5,GM200,12929
NVIDIA,GRID M60-1Q,2015,1.024,256,557,1253,2048,128,64,PCIe 3.0 x16,GDDR5,GM204,3694
NVIDIA,GRID M60-2Q,2015,2,256,557,1253,2048,128,64,PCIe 3.0 x16,GDDR5,GM204,5203
NVIDIA,GRID M60-8Q,2015,8,256,557,1253,2048,128,64,PCIe 3.0 x16,GDDR5,GM204,3883
NVIDIA,GRID M6-8Q,2015,8,256,722,1253,1536,96,64,PCIe 3.0 x16,GDDR5,GM204,3568
NVIDIA,NVS 810,2015,2,64,902,900,512,32,16,PCIe 3.0 x16,DDR3,GM107,1179
NVIDIA,Quadro K1200,2015,4,128,1058,1250,512,32,16,PCIe 2.0 x16,GDDR5,GM107,2940
NVIDIA,Quadro K620M,2015,2,64,1029,900,384,16,8,MXM-A (3.0),DDR3,GM108,1165
NVIDIA,Quadro M1000M,2015,2,128,993,1253,512,32,16,MXM-A (3.0),GDDR5,GM107,2853
NVIDIA,Quadro M2000M,2015,4,128,1029,1253,640,40,16,MXM-A (3.0),GDDR5,GM107,3457
NVIDIA,Quadro M3000M,2015,4,256,1050,1253,1024,64,32,PCIe 3.0 x16,GDDR5,GM204,5596
NVIDIA,Quadro M4000,2015,8,256,773,1502,1664,104,64,PCIe 3.0 x16,GDDR5,GM204,6671
NVIDIA,Quadro M4000M,2015,4,256,975,1253,1280,80,64,PCIe 3.0 x16,GDDR5,GM204,6119
NVIDIA,Quadro M5000,2015,8,256,861,1653,2048,128,64,PCIe 3.0 x16,GDDR5,GM204,9399
NVIDIA,Quadro M5000M,2015,8,256,975,1253,1536,96,64,MXM-B (3.0),GDDR5,GM204,7019
NVIDIA,Quadro M6000,2015,12,384,988,1653,3072,192,96,PCIe 3.0 x16,GDDR5,GM200,11749
NVIDIA,Quadro M600M,2015,2,128,837,1253,384,16,8,MXM-A (3.0),GDDR5,GM107,2150
AMD,Radeon E6465,2015,2,64,600,800,160,8,4,PCIe 2.0 x16,GDDR5,Caicos,231
AMD,Radeon E8870,2015,4,128,1000,1500,768,48,16,MXM-B (3.0),GDDR5,Saturn,3368
AMD,Radeon R5 M315,2015,2,64,970,900,384,24,8,PCIe 3.0 x8,DDR3,Meso,473
AMD,Radeon R5 M320,2015,4,64,780,1000,320,20,8,PCIe 3.0 x8,DDR3,Jet,454
AMD,Radeon R5 M330,2015,2,64,955,900,320,20,8,PCIe 3.0 x8,DDR3,Exo,595
AMD,Radeon R5 M335,2015,2,64,1070,900,320,20,8,PCIe 3.0 x8,DDR3,Exo,548
AMD,Radeon R7 360,2015,2,128,1000,1500,768,48,16,PCIe 3.0 x16,GDDR5,Tobago,3105
AMD,Radeon R7 370,2015,2,256,925,1400,1024,64,32,PCIe 3.0 x16,GDDR5,Trinidad,4508
AMD,Radeon R7 A360,2015,2,64,1100,900,384,24,8,PCIe 3.0 x8,DDR3,Meso,607
AMD,Radeon R7 A360,2015,2,128,725,900,384,24,8,PCIe 3.0 x8,DDR3,Opal,607
AMD,Radeon R7 A360,2015,1.024,128,900,900,384,24,8,PCIe 3.0 x8,GDDR5,Meso,607
AMD,Radeon R7 M260X,2015,1.024,128,620,1000,384,24,8,PCIe 3.0 x8,GDDR5,Opal,986
AMD,Radeon R7 M340,2015,2,64,943,1000,320,20,8,PCIe 3.0 x8,DDR3,Meso,655
AMD,Radeon R7 M340,2015,1.024,64,620,1000,384,24,8,PCIe 3.0 x8,DDR3,Opal,655
AMD,Radeon R7 M350,2015,4,64,1000,1000,384,24,8,PCIe 3.0 x8,DDR3,Meso,1166
AMD,Radeon R7 M350,2015,2,64,725,900,384,24,8,PCIe 3.0 x8,DDR3,Opal,1166
AMD,Radeon R7 M360,2015,2,64,1100,900,384,24,8,PCIe 3.0 x8,DDR3,Meso,572
AMD,Radeon R7 M365X,2015,1.024,128,900,1000,384,24,8,PCIe 3.0 x8,GDDR5,Litho,750
AMD,Radeon R7 M370,2015,4,128,900,1150,384,24,8,PCIe 3.0 x8,GDDR5,Litho,1417
AMD,Radeon R7 M380,2015,4,128,900,1000,640,40,16,PCIe 3.0 x16,DDR3,Tropo,1668
AMD,Radeon R9 370,2015,2,256,925,1400,1280,80,32,PCIe 3.0 x16,GDDR5,Trinidad,4722
AMD,Radeon R9 370X,2015,2,256,980,1400,1280,80,32,PCIe 3.0 x16,GDDR5,Trinidad,1552
AMD,Radeon R9 380,2015,2,256,970,1375,1792,112,32,PCIe 3.0 x16,GDDR5,Antigua,6134
AMD,Radeon R9 380X,2015,4,256,970,1425,2048,128,32,PCIe 3.0 x16,GDDR5,Antigua,6187
AMD,Radeon R9 390,2015,8,512,1000,1500,2560,160,64,PCIe 3.0 x16,GDDR5,Grenada,8909
AMD,Radeon R9 390X,2015,8,512,1050,1500,2816,176,64,PCIe 3.0 x16,GDDR5,Grenada,9416
AMD,Radeon R9 FURY,2015,4,4096,1000,500,3584,224,64,PCIe 3.0 x16,HBM,Fiji,9593
AMD,Radeon R9 FURY X,2015,4,4096,1050,500,4096,256,64,PCIe 3.0 x16,HBM,Fiji,9580
AMD,Radeon R9 M270X,2015,2,128,900,1375,768,48,16,PCIe 3.0 x16,GDDR5,Saturn,1204
AMD,Radeon R9 M280X,2015,4,128,900,1375,896,56,16,PCIe 3.0 x16,GDDR5,Saturn,813
AMD,Radeon R9 M280X,2015,2,128,1000,1500,896,56,16,PCIe 3.0 x16,GDDR5,Saturn,813
AMD,Radeon R9 M360,2015,4,128,900,1125,512,32,16,PCIe 3.0 x16,GDDR5,Tropo,1811
AMD,Radeon R9 M365X,2015,4,128,900,1125,640,40,16,PCIe 3.0 x16,GDDR5,Tropo,1481
AMD,Radeon R9 M375,2015,2,128,1000,900,640,40,16,PCIe 3.0 x16,DDR3,Tropo,969
AMD,Radeon R9 M375X,2015,2,128,925,1125,640,40,16,PCIe 3.0 x16,GDDR5,Tropo,1807
AMD,Radeon R9 M380,2015,4,128,900,1500,768,48,16,PCIe 3.0 x16,GDDR5,Strato,2773
AMD,Radeon R9 M385,2015,4,128,900,1200,896,56,16,PCIe 3.0 x16,GDDR5,Strato,2060
AMD,Radeon R9 M385X,2015,4,128,1000,1200,896,56,16,PCIe 3.0 x16,GDDR5,Strato,1993
AMD,Radeon R9 M390X,2015,4,256,723,1250,2048,128,32,PCIe 3.0 x16,GDDR5,Amethyst,3597
AMD,Radeon R9 M395X,2015,8,256,723,1250,2048,128,32,PCIe 3.0 x16,GDDR5,Amethyst,5194
NVIDIA,Tesla M40,2015,12,384,948,1502,3072,192,96,PCIe 3.0 x16,GDDR5,GM200,10465
NVIDIA,Tesla M40 24 GB,2015,24,384,948,1502,3072,192,96,PCIe 3.0 x16,GDDR5,GM200,10417
NVIDIA,Tesla M6,2015,8,256,930,1253,1536,96,64,PCIe 3.0 x16,GDDR5,GM204,6284
NVIDIA,Tesla M60,2015,8,256,557,1253,2048,128,64,PCIe 3.0 x16,GDDR5,GM204,7551
